llm_score,count,avg_exact_match,avg_f1_score,exact_match_std,f1_std
1,217,0.0,0.016790977951058453,0.0,0.05112032910427263
2,63,0.0,0.05959172989657255,0.0,0.09751492237453015
3,20,0.0,0.11146117067516656,0.0,0.140812171747041
4,66,0.030303030303030304,0.2300729247845412,0.1727334068350122,0.2474704046886459
5,429,0.358974358974359,0.5275336883166988,0.48025973482315115,0.388311410033488
